{
    "type": "Topology",
    "transform": {
        "scale": [0.0017669993631002586, 0.001245962239351248],
        "translate": [-92.88704695688732, 42.4919023792557]
    },
    "arcs": [
        [
            [700, 1897],
            [412, 1]
        ],
        [
            [1112, 1898],
            [0, -209]
        ],
        [
            [1112, 1689],
            [-69, 0],
            [-69, 0]
        ],
        [
            [974, 1689],
            [-205, 0]
        ],
        [
            [769, 1689],
            [-69, 0]
        ],
        [
            [700, 1689],
            [0, 70]
        ],
        [
            [700, 1759],
            [0, 138]
        ],
        [
            [2073, 1757],
            [351, -2],
            [-1, -71]
        ],
        [
            [2423, 1684],
            [-74, 0],
            [-2, -279]
        ],
        [
            [2347, 1405],
            [-15, 0],
            [-68, 0]
        ],
        [
            [2264, 1405],
            [-191, 1]
        ],
        [
            [2073, 1406],
            [0, 351]
        ],
        [
            [1610, 2320],
            [-1, 139]
        ],
        [
            [1609, 2459],
            [349, 0],
            [2, -71]
        ],
        [
            [1960, 2388],
            [-1, -279]
        ],
        [
            [1959, 2109],
            [-350, 1]
        ],
        [
            [1609, 2110],
            [1, 210]
        ],
        [
            [2423, 1684],
            [203, -4]
        ],
        [
            [2626, 1680],
            [31, 1],
            [-1, -277]
        ],
        [
            [2656, 1404],
            [-118, 2]
        ],
        [
            [2538, 1406],
            [-69, 0],
            [-122, -1]
        ],
        [
            [1991, 284],
            [201, 1]
        ],
        [
            [2192, 285],
            [54, -1],
            [80, -2]
        ],
        [
            [2326, 282],
            [0, -7],
            [1, -273]
        ],
        [
            [2327, 2],
            [-93, 1],
            [-30, 0],
            [-28, 0],
            [-183, 4]
        ],
        [
            [1993, 7],
            [-2, 277]
        ],
        [
            [763, 2525],
            [486, 1]
        ],
        [
            [1249, 2526],
            [0, -210]
        ],
        [
            [1249, 2316],
            [-139, 2],
            [0, -70]
        ],
        [
            [1110, 2248],
            [-348, 0]
        ],
        [
            [762, 2248],
            [1, 277]
        ],
        [
            [1249, 2316],
            [361, 4]
        ],
        [
            [1609, 2110],
            [-87, 0],
            [0, -70],
            [-67, 0]
        ],
        [
            [1455, 2040],
            [-344, -2]
        ],
        [
            [1111, 2038],
            [-1, 210]
        ],
        [
            [2463, 565],
            [67, -1]
        ],
        [
            [2530, 564],
            [199, -2]
        ],
        [
            [2729, 562],
            [-1, -53],
            [0, -4],
            [0, -13],
            [-2, -117],
            [0, -5],
            [0, -88]
        ],
        [
            [2726, 282],
            [-134, -1]
        ],
        [
            [2592, 281],
            [-132, 1]
        ],
        [
            [2460, 282],
            [0, 141],
            [3, 142]
        ],
        [
            [2592, 95],
            [67, 1],
            [0, 47],
            [218, -1]
        ],
        [
            [2877, 142],
            [-7, -20],
            [1, -52],
            [7, -70],
            [-55, 1],
            [-171, 2],
            [-9, 0],
            [-50, 0]
        ],
        [
            [2593, 3],
            [-1, 92]
        ],
        [
            [1959, 2109],
            [114, -1],
            [0, -71]
        ],
        [
            [2073, 2037],
            [0, -280]
        ],
        [
            [2073, 1757],
            [-351, 3]
        ],
        [
            [1722, 1760],
            [-68, 0],
            [-199, 0]
        ],
        [
            [1455, 1760],
            [0, 280]
        ],
        [
            [1725, 573],
            [69, 55],
            [-2, 15]
        ],
        [
            [1792, 643],
            [202, -9],
            [201, 3]
        ],
        [
            [2195, 637],
            [0, -70]
        ],
        [
            [2195, 567],
            [-3, -282]
        ],
        [
            [1991, 284],
            [-7, 9],
            [-259, 1]
        ],
        [
            [1725, 294],
            [0, 279]
        ],
        [
            [756, 2941],
            [354, -2]
        ],
        [
            [1110, 2939],
            [0, -139],
            [140, 0]
        ],
        [
            [1250, 2800],
            [-1, -274]
        ],
        [
            [763, 2525],
            [-7, 416]
        ],
        [
            [2656, 1404],
            [85, 0]
        ],
        [
            [2741, 1404],
            [1, -281]
        ],
        [
            [2742, 1123],
            [-69, 0]
        ],
        [
            [2673, 1123],
            [1, 37],
            [-137, 0]
        ],
        [
            [2537, 1160],
            [1, 246]
        ],
        [
            [2742, 844],
            [142, 0]
        ],
        [
            [2884, 844],
            [-2, -40],
            [-27, -58],
            [-27, -91],
            [-4, -89],
            [0, -4]
        ],
        [
            [2824, 562],
            [-16, 0],
            [-20, 1],
            [-59, -1]
        ],
        [
            [2729, 562],
            [1, 141],
            [13, 0],
            [-1, 141]
        ],
        [
            [323, 1643],
            [103, 0],
            [0, 117]
        ],
        [
            [426, 1760],
            [274, -1]
        ],
        [
            [700, 1689],
            [-211, -5],
            [-35, -149]
        ],
        [
            [454, 1535],
            [-15, 7],
            [-68, 26],
            [-8, 7],
            [-25, 25],
            [-14, 42],
            [-1, 1]
        ],
        [
            [68, 2182],
            [346, -1]
        ],
        [
            [414, 2181],
            [11, -70],
            [0, -212]
        ],
        [
            [425, 1899],
            [-357, 3]
        ],
        [
            [68, 1902],
            [9, 64],
            [-6, 65],
            [-23, 35],
            [35, 38],
            [-2, 8],
            [-13, 58],
            [0, 12]
        ],
        [
            [3369, 2351],
            [56, 24],
            [17, -30],
            [-36, -48],
            [-18, -47],
            [-32, 46],
            [13, 55]
        ],
        [
            [3119, 1753],
            [-205, 1]
        ],
        [
            [2914, 1754],
            [10, 13],
            [-1, 25],
            [43, 59],
            [36, 43],
            [29, 5],
            [9, 9],
            [39, 14],
            [30, 38],
            [32, 64],
            [41, 54],
            [15, 69],
            [35, 5],
            [31, 30],
            [7, 37],
            [29, 29],
            [23, 5],
            [22, -6],
            [0, -51],
            [-37, -33],
            [-1, -42],
            [-10, -44],
            [-43, -54],
            [-28, -52],
            [-10, -50],
            [-40, -42],
            [-24, -50],
            [-32, -76]
        ],
        [
            [2265, 1126],
            [273, -2],
            [-1, 36]
        ],
        [
            [2673, 1123],
            [1, -279]
        ],
        [
            [2674, 844],
            [-134, 0]
        ],
        [
            [2540, 844],
            [-1, 71],
            [-274, 1]
        ],
        [
            [2265, 916],
            [0, 210]
        ],
        [
            [974, 1689],
            [0, -280],
            [8, -135]
        ],
        [
            [982, 1274],
            [-89, -12],
            [-8, -64],
            [-56, -1]
        ],
        [
            [829, 1197],
            [-10, 14],
            [-67, 18]
        ],
        [
            [752, 1229],
            [14, 58],
            [-45, 61],
            [48, 60],
            [0, 281]
        ],
        [
            [1610, 2734],
            [420, 3],
            [71, -36],
            [-2, 34],
            [74, -3]
        ],
        [
            [2173, 2732],
            [1, -346]
        ],
        [
            [2174, 2386],
            [-214, 2]
        ],
        [
            [1609, 2459],
            [1, 275]
        ],
        [
            [2901, 1735],
            [7, 11],
            [6, 8]
        ],
        [
            [3119, 1753],
            [-15, -36],
            [-25, -36],
            [-30, -101],
            [-25, -107]
        ],
        [
            [3024, 1473],
            [-126, 0]
        ],
        [
            [2898, 1473],
            [3, 262]
        ],
        [
            [26, 2599],
            [9, 6],
            [28, 42],
            [9, 37],
            [22, 39],
            [37, 31],
            [43, 18],
            [19, 19],
            [42, 2],
            [13, 24],
            [32, 14],
            [23, -3],
            [8, 29],
            [25, 18],
            [0, 66]
        ],
        [
            [336, 2941],
            [138, 1]
        ],
        [
            [474, 2942],
            [9, -140],
            [2, -275]
        ],
        [
            [485, 2527],
            [-70, 0]
        ],
        [
            [415, 2527],
            [0, 69],
            [-212, 2],
            [0, -69],
            [-203, 1]
        ],
        [
            [0, 2530],
            [10, 57],
            [16, 12]
        ],
        [
            [425, 1899],
            [1, -139]
        ],
        [
            [323, 1643],
            [-25, 16],
            [-22, -1],
            [-85, 16],
            [-39, 28],
            [-44, 62],
            [-20, 20],
            [-34, 36],
            [-8, 7],
            [21, 69],
            [1, 6],
            [0, 0]
        ],
        [
            [1250, 2800],
            [213, 0]
        ],
        [
            [1463, 2800],
            [146, 1]
        ],
        [
            [1609, 2801],
            [1, -67]
        ],
        [
            [1323, 3286],
            [24, 3],
            [39, -23],
            [11, 4],
            [18, -26],
            [31, 15],
            [26, -27],
            [40, -15],
            [32, -64],
            [22, -67],
            [108, -30]
        ],
        [
            [1674, 3056],
            [0, -255],
            [-65, 0]
        ],
        [
            [1463, 2800],
            [-1, 139],
            [-70, 0],
            [1, 69],
            [-72, 1],
            [2, 277]
        ],
        [
            [2238, 2873],
            [69, -41],
            [40, 5],
            [32, -10]
        ],
        [
            [2379, 2827],
            [5, -233],
            [142, -1]
        ],
        [
            [2526, 2593],
            [-2, -277]
        ],
        [
            [2524, 2316],
            [-141, 1]
        ],
        [
            [2383, 2317],
            [-141, 0],
            [2, 70],
            [-70, -1]
        ],
        [
            [2173, 2732],
            [0, 69],
            [65, 0],
            [0, 72]
        ],
        [
            [1457, 922],
            [298, 0]
        ],
        [
            [1755, 922],
            [30, -55],
            [76, -11],
            [-1, -143],
            [-44, -15],
            [-24, -55]
        ],
        [
            [1725, 573],
            [-91, -9],
            [-33, -39],
            [-77, 15]
        ],
        [
            [1524, 540],
            [1, 173],
            [0, 141],
            [-67, -1]
        ],
        [
            [1458, 853],
            [-1, 69]
        ],
        [
            [1112, 1689],
            [-1, -70],
            [69, 0],
            [0, -70],
            [137, 0],
            [138, 2]
        ],
        [
            [1455, 1551],
            [-1, -127],
            [3, -14]
        ],
        [
            [1457, 1410],
            [0, -75]
        ],
        [
            [1457, 1335],
            [-70, 4],
            [-67, 0],
            [-198, -2],
            [-42, -23],
            [3, -47]
        ],
        [
            [1083, 1267],
            [-92, 0],
            [-9, 7]
        ],
        [
            [1689, 1410],
            [101, -1]
        ],
        [
            [1790, 1409],
            [71, -2]
        ],
        [
            [1861, 1407],
            [0, -211]
        ],
        [
            [1861, 1196],
            [0, -273]
        ],
        [
            [1861, 923],
            [-68, 0],
            [-37, -1]
        ],
        [
            [1756, 922],
            [-2, 21],
            [-44, 93],
            [-65, 98],
            [15, 13],
            [-41, 137],
            [58, 48],
            [12, 78]
        ],
        [
            [2726, 282],
            [141, -1]
        ],
        [
            [2867, 281],
            [30, -46],
            [-10, -67],
            [-10, -26]
        ],
        [
            [2592, 95],
            [0, 186]
        ],
        [
            [1993, 7],
            [-20, 0],
            [-52, 1],
            [-195, 2]
        ],
        [
            [1726, 10],
            [-1, 248]
        ],
        [
            [1725, 258],
            [0, 36]
        ],
        [
            [2105, 1196],
            [160, 1]
        ],
        [
            [2265, 1197],
            [0, -71]
        ],
        [
            [2265, 916],
            [-69, 0]
        ],
        [
            [2196, 916],
            [-68, -1],
            [-67, 8]
        ],
        [
            [2061, 923],
            [0, 94],
            [44, 5],
            [-17, 38],
            [17, 136]
        ],
        [
            [1455, 1760],
            [0, -209]
        ],
        [
            [1112, 1898],
            [-1, 70],
            [0, 70]
        ],
        [
            [2383, 2317],
            [-2, -139],
            [22, -71]
        ],
        [
            [2403, 2107],
            [-193, 1],
            [0, -72]
        ],
        [
            [2210, 2036],
            [-137, 1]
        ],
        [
            [2628, 1756],
            [13, -6],
            [126, 4]
        ],
        [
            [2767, 1754],
            [-3, -11],
            [2, -44],
            [-24, -29],
            [20, -27],
            [35, -8],
            [26, 36],
            [18, 28],
            [52, 24],
            [8, 12]
        ],
        [
            [2898, 1473],
            [-69, 0],
            [0, -70],
            [-88, 1]
        ],
        [
            [2626, 1680],
            [-3, 66],
            [5, 10]
        ],
        [
            [2403, 2107],
            [89, 0],
            [-3, -210]
        ],
        [
            [2489, 1897],
            [-140, 1],
            [1, 69],
            [-139, 0],
            [-1, 69]
        ],
        [
            [485, 2527],
            [278, -2]
        ],
        [
            [762, 2248],
            [0, -69],
            [-70, 1]
        ],
        [
            [692, 2180],
            [-278, 1]
        ],
        [
            [414, 2181],
            [1, 346]
        ],
        [
            [2824, 562],
            [-2, -53],
            [17, -49],
            [-15, -39],
            [30, -58],
            [5, -70],
            [4, -6],
            [4, -6]
        ],
        [
            [2195, 567],
            [268, -2]
        ],
        [
            [2460, 282],
            [-89, 0],
            [-45, 0]
        ],
        [
            [922, 990],
            [196, -1]
        ],
        [
            [1118, 989],
            [339, 5]
        ],
        [
            [1457, 994],
            [0, -72]
        ],
        [
            [1458, 853],
            [-205, -1],
            [2, -104]
        ],
        [
            [1255, 748],
            [-291, 0],
            [-16, -3]
        ],
        [
            [948, 745],
            [-12, 25],
            [8, 40],
            [-8, 52],
            [-12, 28],
            [-11, 52],
            [9, 48]
        ],
        [
            [1255, 748],
            [1, -202]
        ],
        [
            [1256, 546],
            [-101, -76],
            [-54, -12],
            [-69, -56],
            [-55, -4]
        ],
        [
            [977, 398],
            [-8, 41],
            [0, 33],
            [-1, 44],
            [24, 32],
            [26, 38],
            [17, 26],
            [-28, 48],
            [-27, 17],
            [-30, 31],
            [5, 24],
            [-7, 13]
        ],
        [
            [474, 2942],
            [282, -1]
        ],
        [
            [692, 2180],
            [-1, -70],
            [9, -73],
            [0, -140]
        ],
        [
            [1194, 3638],
            [21, 9],
            [51, 15],
            [50, -14],
            [9, -16],
            [19, -45],
            [-7, -21],
            [-14, -16],
            [-50, -7],
            [-24, 40],
            [-18, 23],
            [-32, 14],
            [-5, 18]
        ],
        [
            [1110, 3287],
            [15, -4],
            [39, 27],
            [20, 7],
            [22, 17],
            [10, 37],
            [42, -38],
            [56, -48],
            [9, 1]
        ],
        [
            [1110, 2939],
            [0, 348]
        ],
        [
            [1083, 1267],
            [34, 0],
            [1, -278]
        ],
        [
            [922, 990],
            [7, 38],
            [-24, 59],
            [-2, 5],
            [-38, 52],
            [-36, 53]
        ],
        [
            [2742, 1123],
            [177, 0]
        ],
        [
            [2919, 1123],
            [-4, -14],
            [5, -51],
            [15, -35],
            [-4, -35],
            [1, -35],
            [-48, -93],
            [0, -16]
        ],
        [
            [2742, 844],
            [-68, 0]
        ],
        [
            [1861, 1407],
            [212, -1]
        ],
        [
            [2264, 1405],
            [1, -208]
        ],
        [
            [2105, 1196],
            [-244, 0]
        ],
        [
            [2530, 564],
            [-1, 141],
            [11, 139]
        ],
        [
            [2195, 637],
            [2, 139],
            [-1, 140]
        ],
        [
            [1790, 1409],
            [-1, 212],
            [-67, 0],
            [0, 139]
        ],
        [
            [2524, 2316],
            [68, -2],
            [-2, -139],
            [70, -3],
            [-2, -69],
            [40, -1],
            [-1, -70],
            [101, -3],
            [103, -24],
            [-1, -22]
        ],
        [
            [2900, 1983],
            [-29, -7],
            [-17, -24],
            [3, -40],
            [-9, -13],
            [-29, -31],
            [-21, -51],
            [-23, -29],
            [-8, -34]
        ],
        [
            [2628, 1756],
            [-3, 139],
            [-136, 2]
        ],
        [
            [2699, 2753],
            [1, 0],
            [23, -37],
            [-34, -43],
            [17, -18],
            [27, -12]
        ],
        [
            [2733, 2643],
            [-1, -57],
            [-206, 7]
        ],
        [
            [2379, 2827],
            [3, -1],
            [12, -19],
            [25, 1],
            [11, 19],
            [38, 5],
            [66, -33],
            [17, 9],
            [39, -26],
            [36, 3],
            [39, -12],
            [34, -20]
        ],
        [
            [1457, 1410],
            [131, 0],
            [101, 0]
        ],
        [
            [1756, 922],
            [-1, 0]
        ],
        [
            [1457, 994],
            [0, 201],
            [0, 140]
        ],
        [
            [1392, 258],
            [333, 0]
        ],
        [
            [1726, 10],
            [-51, 1],
            [0, 0],
            [-168, 2],
            [-115, -1]
        ],
        [
            [1392, 12],
            [0, 246]
        ],
        [
            [68, 2182],
            [3, 60],
            [8, 9],
            [28, 32],
            [22, 48],
            [7, 34],
            [-23, 27],
            [-23, 43],
            [-16, 26],
            [-26, 4],
            [-45, 9],
            [-3, 52],
            [0, 4]
        ],
        [
            [1674, 3056],
            [165, -45],
            [309, -85],
            [57, -33],
            [33, -20]
        ],
        [
            [752, 1229],
            [-8, 3],
            [-42, 30],
            [-41, 52],
            [-55, 28],
            [-21, 26],
            [-22, 28],
            [-13, 69],
            [-27, 36],
            [-69, 34]
        ],
        [
            [1861, 923],
            [200, 0]
        ],
        [
            [2733, 2643],
            [5, -2],
            [30, 11],
            [16, -25],
            [49, -8],
            [27, -26],
            [16, -15],
            [13, -24],
            [-24, -16],
            [26, -36],
            [-5, -27],
            [-10, -41],
            [-1, -41],
            [-23, -23],
            [-6, -41],
            [-3, -32],
            [35, 0],
            [28, 1],
            [25, 23],
            [28, -12],
            [-5, -42],
            [-25, -57],
            [-17, -39],
            [26, -37],
            [27, -36],
            [32, -8],
            [-20, -41],
            [-2, -54],
            [-38, -3],
            [-37, -9]
        ],
        [
            [1256, 546],
            [69, 32],
            [65, -9]
        ],
        [
            [1390, 569],
            [2, -311]
        ],
        [
            [1392, 12],
            [-6, 0],
            [-116, 1],
            [-17, 55],
            [-16, 40],
            [-24, 15],
            [-62, 16],
            [-25, 7],
            [-25, 8],
            [-43, 29],
            [-30, 45],
            [-16, 71],
            [-23, 32],
            [-10, 58],
            [-2, 9]
        ],
        [
            [1524, 540],
            [-37, 27],
            [-29, 7],
            [-23, 2],
            [-45, -7]
        ],
        [
            [3024, 1473],
            [-1, -5],
            [13, -49],
            [8, -40],
            [-18, -41],
            [-35, -22],
            [-30, -40],
            [-25, -93],
            [-17, -60]
        ],
        [
            [2593, 3],
            [-114, -1],
            [-113, -1],
            [0, 0],
            [-39, 1]
        ],
        [
            [756, 3423],
            [23, 0],
            [56, 26],
            [28, 7],
            [26, 23],
            [33, 8],
            [26, 24],
            [25, -18],
            [21, 21],
            [24, 7],
            [30, 19],
            [28, 18],
            [-2, 46],
            [37, 16],
            [40, -32],
            [26, -19],
            [35, -36],
            [-31, -57],
            [-35, -46],
            [-11, -21],
            [16, -32],
            [-35, -33],
            [-10, -33],
            [-13, -20],
            [17, -4]
        ],
        [
            [756, 2941],
            [0, 482]
        ],
        [
            [337, 3150],
            [0, 63],
            [0, 135],
            [49, 1],
            [13, 24],
            [22, 30],
            [25, 2],
            [28, -19],
            [20, -4],
            [30, -19],
            [42, 6],
            [38, 0],
            [99, 36],
            [40, 18],
            [13, 0]
        ],
        [
            [336, 2941],
            [0, 70],
            [1, 139]
        ]
    ],
    "objects": {
        "cb_2015_wisconsin_county_20m": {
            "type": "GeometryCollection",
            "geometries": [{
                "arcs": [
                    [0, 1, 2, 3, 4, 5, 6]
                ],
                "type": "Polygon",
                "properties": {
                    "STATEFP": "55",
                    "COUNTYFP": "035",
                    "COUNTYNS": "01581077",
                    "AFFGEOID": "0500000US55035",
                    "GEOID": "55035",
                    "NAME": "Eau Claire",
                    "LSAD": "06",
                    "ALAND": 1652211316,
                    "AWATER": 18848512
                }
            }, {
                "arcs": [
                    [7, 8, 9, 10, 11]
                ],
                "type": "Polygon",
                "properties": {
                    "STATEFP": "55",
                    "COUNTYFP": "135",
                    "COUNTYNS": "01581127",
                    "AFFGEOID": "0500000US55135",
                    "GEOID": "55135",
                    "NAME": "Waupaca",
                    "LSAD": "06",
                    "ALAND": 1936326592,
                    "AWATER": 45301382
                }
            }, {
                "arcs": [
                    [12, 13, 14, 15, 16]
                ],
                "type": "Polygon",
                "properties": {
                    "STATEFP": "55",
                    "COUNTYFP": "069",
                    "COUNTYNS": "01581094",
                    "AFFGEOID": "0500000US55069",
                    "GEOID": "55069",
                    "NAME": "Lincoln",
                    "LSAD": "06",
                    "ALAND": 2276237353,
                    "AWATER": 72470204
                }
            }, {
                "arcs": [
                    [17, 18, 19, 20, -9]
                ],
                "type": "Polygon",
                "properties": {
                    "STATEFP": "55",
                    "COUNTYFP": "087",
                    "COUNTYNS": "01581104",
                    "AFFGEOID": "0500000US55087",
                    "GEOID": "55087",
                    "NAME": "Outagamie",
                    "LSAD": "06",
                    "ALAND": 1651266427,
                    "AWATER": 18259071
                }
            }, {
                "arcs": [
                    [21, 22, 23, 24, 25]
                ],
                "type": "Polygon",
                "properties": {
                    "STATEFP": "55",
                    "COUNTYFP": "105",
                    "COUNTYNS": "01581113",
                    "AFFGEOID": "0500000US55105",
                    "GEOID": "55105",
                    "NAME": "Rock",
                    "LSAD": "06",
                    "ALAND": 1859887390,
                    "AWATER": 20681629
                }
            }, {
                "arcs": [
                    [26, 27, 28, 29, 30]
                ],
                "type": "Polygon",
                "properties": {
                    "STATEFP": "55",
                    "COUNTYFP": "107",
                    "COUNTYNS": "01581114",
                    "AFFGEOID": "0500000US55107",
                    "GEOID": "55107",
                    "NAME": "Rusk",
                    "LSAD": "06",
                    "ALAND": 2366213487,
                    "AWATER": 44800510
                }
            }, {
                "arcs": [
                    [31, -17, 32, 33, 34, -29]
                ],
                "type": "Polygon",
                "properties": {
                    "STATEFP": "55",
                    "COUNTYFP": "119",
                    "COUNTYNS": "01581119",
                    "AFFGEOID": "0500000US55119",
                    "GEOID": "55119",
                    "NAME": "Taylor",
                    "LSAD": "06",
                    "ALAND": 2524953482,
                    "AWATER": 24687534
                }
            }, {
                "arcs": [
                    [35, 36, 37, 38, 39, 40]
                ],
                "type": "Polygon",
                "properties": {
                    "STATEFP": "55",
                    "COUNTYFP": "133",
                    "COUNTYNS": "01581126",
                    "AFFGEOID": "0500000US55133",
                    "GEOID": "55133",
                    "NAME": "Waukesha",
                    "LSAD": "06",
                    "ALAND": 1423469305,
                    "AWATER": 80118638
                }
            }, {
                "arcs": [
                    [41, 42, 43]
                ],
                "type": "Polygon",
                "properties": {
                    "STATEFP": "55",
                    "COUNTYFP": "059",
                    "COUNTYNS": "01581089",
                    "AFFGEOID": "0500000US55059",
                    "GEOID": "55059",
                    "NAME": "Kenosha",
                    "LSAD": "06",
                    "ALAND": 704493821,
                    "AWATER": 1248425296
                }
            }, {
                "arcs": [
                    [-33, -16, 44, 45, 46, 47, 48]
                ],
                "type": "Polygon",
                "properties": {
                    "STATEFP": "55",
                    "COUNTYFP": "073",
                    "COUNTYNS": "01581096",
                    "AFFGEOID": "0500000US55073",
                    "GEOID": "55073",
                    "NAME": "Marathon",
                    "LSAD": "06",
                    "ALAND": 4001539245,
                    "AWATER": 81145909
                }
            }, {
                "arcs": [
                    [49, 50, 51, 52, -22, 53, 54]
                ],
                "type": "Polygon",
                "properties": {
                    "STATEFP": "55",
                    "COUNTYFP": "025",
                    "COUNTYNS": "01581072",
                    "AFFGEOID": "0500000US55025",
                    "GEOID": "55025",
                    "NAME": "Dane",
                    "LSAD": "06",
                    "ALAND": 3100366665,
                    "AWATER": 106833618
                }
            }, {
                "arcs": [
                    [55, 56, 57, -27, 58]
                ],
                "type": "Polygon",
                "properties": {
                    "STATEFP": "55",
                    "COUNTYFP": "113",
                    "COUNTYNS": "01581116",
                    "AFFGEOID": "0500000US55113",
                    "GEOID": "55113",
                    "NAME": "Sawyer",
                    "LSAD": "06",
                    "ALAND": 3256416500,
                    "AWATER": 240690443
                }
            }, {
                "arcs": [
                    [-20, 59, 60, 61, 62, 63]
                ],
                "type": "Polygon",
                "properties": {
                    "STATEFP": "55",
                    "COUNTYFP": "015",
                    "COUNTYNS": "01581067",
                    "AFFGEOID": "0500000US55015",
                    "GEOID": "55015",
                    "NAME": "Calumet",
                    "LSAD": "06",
                    "ALAND": 824227645,
                    "AWATER": 204196301
                }
            }, {
                "arcs": [
                    [64, 65, 66, 67]
                ],
                "type": "Polygon",
                "properties": {
                    "STATEFP": "55",
                    "COUNTYFP": "089",
                    "COUNTYNS": "01581105",
                    "AFFGEOID": "0500000US55089",
                    "GEOID": "55089",
                    "NAME": "Ozaukee",
                    "LSAD": "06",
                    "ALAND": 603613255,
                    "AWATER": 2287313798
                }
            }, {
                "arcs": [
                    [68, 69, -6, 70, 71]
                ],
                "type": "Polygon",
                "properties": {
                    "STATEFP": "55",
                    "COUNTYFP": "091",
                    "COUNTYNS": "01581106",
                    "AFFGEOID": "0500000US55091",
                    "GEOID": "55091",
                    "NAME": "Pepin",
                    "LSAD": "06",
                    "ALAND": 600853204,
                    "AWATER": 43282752
                }
            }, {
                "arcs": [
                    [72, 73, 74, 75]
                ],
                "type": "Polygon",
                "properties": {
                    "STATEFP": "55",
                    "COUNTYFP": "109",
                    "COUNTYNS": "01581833",
                    "AFFGEOID": "0500000US55109",
                    "GEOID": "55109",
                    "NAME": "St. Croix",
                    "LSAD": "06",
                    "ALAND": 1871216493,
                    "AWATER": 34193343
                }
            }, {
                "arcs": [
                    [
                        [76]
                    ],
                    [
                        [77, 78]
                    ]
                ],
                "type": "MultiPolygon",
                "properties": {
                    "STATEFP": "55",
                    "COUNTYFP": "029",
                    "COUNTYNS": "01581074",
                    "AFFGEOID": "0500000US55029",
                    "GEOID": "55029",
                    "NAME": "Door",
                    "LSAD": "06",
                    "ALAND": 1248281608,
                    "AWATER": 4890609333
                }
            }, {
                "arcs": [
                    [79, -63, 80, 81, 82, 83]
                ],
                "type": "Polygon",
                "properties": {
                    "STATEFP": "55",
                    "COUNTYFP": "039",
                    "COUNTYNS": "01581079",
                    "AFFGEOID": "0500000US55039",
                    "GEOID": "55039",
                    "NAME": "Fond du Lac",
                    "LSAD": "06",
                    "ALAND": 1863635376,
                    "AWATER": 119885405
                }
            }, {
                "arcs": [
                    [-4, 84, 85, 86, 87]
                ],
                "type": "Polygon",
                "properties": {
                    "STATEFP": "55",
                    "COUNTYFP": "121",
                    "COUNTYNS": "01581120",
                    "AFFGEOID": "0500000US55121",
                    "GEOID": "55121",
                    "NAME": "Trempealeau",
                    "LSAD": "06",
                    "ALAND": 1898472851,
                    "AWATER": 23370972
                }
            }, {
                "arcs": [
                    [88, 89, 90, -14, 91]
                ],
                "type": "Polygon",
                "properties": {
                    "STATEFP": "55",
                    "COUNTYFP": "085",
                    "COUNTYNS": "01581103",
                    "AFFGEOID": "0500000US55085",
                    "GEOID": "55085",
                    "NAME": "Oneida",
                    "LSAD": "06",
                    "ALAND": 2883897877,
                    "AWATER": 318619308
                }
            }, {
                "arcs": [
                    [92, -78, 93, 94, 95]
                ],
                "type": "Polygon",
                "properties": {
                    "STATEFP": "55",
                    "COUNTYFP": "061",
                    "COUNTYNS": "01581090",
                    "AFFGEOID": "0500000US55061",
                    "GEOID": "55061",
                    "NAME": "Kewaunee",
                    "LSAD": "06",
                    "ALAND": 886870601,
                    "AWATER": 1921417623
                }
            }, {
                "arcs": [
                    [96, 97, 98, 99, 100, 101]
                ],
                "type": "Polygon",
                "properties": {
                    "STATEFP": "55",
                    "COUNTYFP": "013",
                    "COUNTYNS": "01581066",
                    "AFFGEOID": "0500000US55013",
                    "GEOID": "55013",
                    "NAME": "Burnett",
                    "LSAD": "06",
                    "ALAND": 2127856270,
                    "AWATER": 151932127
                }
            }, {
                "arcs": [
                    [-75, 102, -69, 103]
                ],
                "type": "Polygon",
                "properties": {
                    "STATEFP": "55",
                    "COUNTYFP": "093",
                    "COUNTYNS": "01581107",
                    "AFFGEOID": "0500000US55093",
                    "GEOID": "55093",
                    "NAME": "Pierce",
                    "LSAD": "06",
                    "ALAND": 1486002475,
                    "AWATER": 46945741
                }
            }, {
                "arcs": [
                    [-58, 104, 105, 106, -92, -13, -32, -28]
                ],
                "type": "Polygon",
                "properties": {
                    "STATEFP": "55",
                    "COUNTYFP": "099",
                    "COUNTYNS": "01581110",
                    "AFFGEOID": "0500000US55099",
                    "GEOID": "55099",
                    "NAME": "Price",
                    "LSAD": "06",
                    "ALAND": 3247940162,
                    "AWATER": 62268240
                }
            }, {
                "arcs": [
                    [107, 108, -106, 109]
                ],
                "type": "Polygon",
                "properties": {
                    "STATEFP": "55",
                    "COUNTYFP": "051",
                    "COUNTYNS": "01581085",
                    "AFFGEOID": "0500000US55051",
                    "GEOID": "55051",
                    "NAME": "Iron",
                    "LSAD": "06",
                    "ALAND": 1963698875,
                    "AWATER": 416925915
                }
            }, {
                "arcs": [
                    [110, 111, 112, 113, 114, -90, 115]
                ],
                "type": "Polygon",
                "properties": {
                    "STATEFP": "55",
                    "COUNTYFP": "041",
                    "COUNTYNS": "01581080",
                    "AFFGEOID": "0500000US55041",
                    "GEOID": "55041",
                    "NAME": "Forest",
                    "LSAD": "06",
                    "ALAND": 2626856569,
                    "AWATER": 83589370
                }
            }, {
                "arcs": [
                    [116, 117, -50, 118, 119, 120]
                ],
                "type": "Polygon",
                "properties": {
                    "STATEFP": "55",
                    "COUNTYFP": "111",
                    "COUNTYNS": "01581115",
                    "AFFGEOID": "0500000US55111",
                    "GEOID": "55111",
                    "NAME": "Sauk",
                    "LSAD": "06",
                    "ALAND": 2152007753,
                    "AWATER": 45296336
                }
            }, {
                "arcs": [
                    [-3, 121, 122, 123, 124, 125, -85]
                ],
                "type": "Polygon",
                "properties": {
                    "STATEFP": "55",
                    "COUNTYFP": "053",
                    "COUNTYNS": "01581086",
                    "AFFGEOID": "0500000US55053",
                    "GEOID": "55053",
                    "NAME": "Jackson",
                    "LSAD": "06",
                    "ALAND": 2558228002,
                    "AWATER": 32986244
                }
            }, {
                "arcs": [
                    [126, 127, 128, 129, 130, 131]
                ],
                "type": "Polygon",
                "properties": {
                    "STATEFP": "55",
                    "COUNTYFP": "001",
                    "COUNTYNS": "01581060",
                    "AFFGEOID": "0500000US55001",
                    "GEOID": "55001",
                    "NAME": "Adams",
                    "LSAD": "06",
                    "ALAND": 1672075271,
                    "AWATER": 108497596
                }
            }, {
                "arcs": [
                    [-39, 132, 133, -42, 134]
                ],
                "type": "Polygon",
                "properties": {
                    "STATEFP": "55",
                    "COUNTYFP": "101",
                    "COUNTYNS": "01581111",
                    "AFFGEOID": "0500000US55101",
                    "GEOID": "55101",
                    "NAME": "Racine",
                    "LSAD": "06",
                    "ALAND": 861267826,
                    "AWATER": 1190381792
                }
            }, {
                "arcs": [
                    [-54, -26, 135, 136, 137]
                ],
                "type": "Polygon",
                "properties": {
                    "STATEFP": "55",
                    "COUNTYFP": "045",
                    "COUNTYNS": "01581082",
                    "AFFGEOID": "0500000US55045",
                    "GEOID": "55045",
                    "NAME": "Green",
                    "LSAD": "06",
                    "ALAND": 1512664667,
                    "AWATER": 1315749
                }
            }, {
                "arcs": [
                    [138, 139, -84, 140, 141, 142]
                ],
                "type": "Polygon",
                "properties": {
                    "STATEFP": "55",
                    "COUNTYFP": "047",
                    "COUNTYNS": "01581083",
                    "AFFGEOID": "0500000US55047",
                    "GEOID": "55047",
                    "NAME": "Green Lake",
                    "LSAD": "06",
                    "ALAND": 904775232,
                    "AWATER": 79762102
                }
            }, {
                "arcs": [
                    [-34, -49, 143, -122, -2, 144]
                ],
                "type": "Polygon",
                "properties": {
                    "STATEFP": "55",
                    "COUNTYFP": "019",
                    "COUNTYNS": "01581069",
                    "AFFGEOID": "0500000US55019",
                    "GEOID": "55019",
                    "NAME": "Clark",
                    "LSAD": "06",
                    "ALAND": 3133129659,
                    "AWATER": 23233358
                }
            }, {
                "arcs": [
                    [-91, -115, 145, 146, 147, -45, -15]
                ],
                "type": "Polygon",
                "properties": {
                    "STATEFP": "55",
                    "COUNTYFP": "067",
                    "COUNTYNS": "01581093",
                    "AFFGEOID": "0500000US55067",
                    "GEOID": "55067",
                    "NAME": "Langlade",
                    "LSAD": "06",
                    "ALAND": 2254927630,
                    "AWATER": 44652794
                }
            }, {
                "arcs": [
                    [148, 149, -96, 150, -60, -19, 151]
                ],
                "type": "Polygon",
                "properties": {
                    "STATEFP": "55",
                    "COUNTYFP": "009",
                    "COUNTYNS": "01581064",
                    "AFFGEOID": "0500000US55009",
                    "GEOID": "55009",
                    "NAME": "Brown",
                    "LSAD": "06",
                    "ALAND": 1372050858,
                    "AWATER": 222684564
                }
            }, {
                "arcs": [
                    [152, 153, -147]
                ],
                "type": "Polygon",
                "properties": {
                    "STATEFP": "55",
                    "COUNTYFP": "078",
                    "COUNTYNS": "01581099",
                    "AFFGEOID": "0500000US55078",
                    "GEOID": "55078",
                    "NAME": "Menominee",
                    "LSAD": "06",
                    "ALAND": 926201113,
                    "AWATER": 19038372
                }
            }, {
                "arcs": [
                    [-100, 154, -31, 155, 156, 157]
                ],
                "type": "Polygon",
                "properties": {
                    "STATEFP": "55",
                    "COUNTYFP": "005",
                    "COUNTYNS": "01581062",
                    "AFFGEOID": "0500000US55005",
                    "GEOID": "55005",
                    "NAME": "Barron",
                    "LSAD": "06",
                    "ALAND": 2234504161,
                    "AWATER": 69971721
                }
            }, {
                "arcs": [
                    [-67, 158, -133, -38]
                ],
                "type": "Polygon",
                "properties": {
                    "STATEFP": "55",
                    "COUNTYFP": "079",
                    "COUNTYNS": "01581100",
                    "AFFGEOID": "0500000US55079",
                    "GEOID": "55079",
                    "NAME": "Milwaukee",
                    "LSAD": "06",
                    "ALAND": 625449547,
                    "AWATER": 2455428024
                }
            }, {
                "arcs": [
                    [159, -41, 160, -23, -53]
                ],
                "type": "Polygon",
                "properties": {
                    "STATEFP": "55",
                    "COUNTYFP": "055",
                    "COUNTYNS": "01581087",
                    "AFFGEOID": "0500000US55055",
                    "GEOID": "55055",
                    "NAME": "Jefferson",
                    "LSAD": "06",
                    "ALAND": 1441234317,
                    "AWATER": 68110734
                }
            }, {
                "arcs": [
                    [161, 162, 163, -121, 164, 165, 166]
                ],
                "type": "Polygon",
                "properties": {
                    "STATEFP": "55",
                    "COUNTYFP": "123",
                    "COUNTYNS": "01581121",
                    "AFFGEOID": "0500000US55123",
                    "GEOID": "55123",
                    "NAME": "Vernon",
                    "LSAD": "06",
                    "ALAND": 2050126416,
                    "AWATER": 64295958
                }
            }, {
                "arcs": [
                    [-166, 167, 168, 169]
                ],
                "type": "Polygon",
                "properties": {
                    "STATEFP": "55",
                    "COUNTYFP": "023",
                    "COUNTYNS": "01581071",
                    "AFFGEOID": "0500000US55023",
                    "GEOID": "55023",
                    "NAME": "Crawford",
                    "LSAD": "06",
                    "ALAND": 1478001881,
                    "AWATER": 73945441
                }
            }, {
                "arcs": [
                    [170, -59, -155, -99]
                ],
                "type": "Polygon",
                "properties": {
                    "STATEFP": "55",
                    "COUNTYFP": "129",
                    "COUNTYNS": "01581124",
                    "AFFGEOID": "0500000US55129",
                    "GEOID": "55129",
                    "NAME": "Washburn",
                    "LSAD": "06",
                    "ALAND": 2064513282,
                    "AWATER": 145566487
                }
            }, {
                "arcs": [
                    [-157, 171, -7, -70, -103, -74]
                ],
                "type": "Polygon",
                "properties": {
                    "STATEFP": "55",
                    "COUNTYFP": "033",
                    "COUNTYNS": "01581076",
                    "AFFGEOID": "0500000US55033",
                    "GEOID": "55033",
                    "NAME": "Dunn",
                    "LSAD": "06",
                    "ALAND": 2201842348,
                    "AWATER": 35644676
                }
            }, {
                "arcs": [
                    [
                        [172]
                    ],
                    [
                        [173, -110, -105, -57, 174]
                    ]
                ],
                "type": "MultiPolygon",
                "properties": {
                    "STATEFP": "55",
                    "COUNTYFP": "003",
                    "COUNTYNS": "01581061",
                    "AFFGEOID": "0500000US55003",
                    "GEOID": "55003",
                    "NAME": "Ashland",
                    "LSAD": "06",
                    "ALAND": 2706634043,
                    "AWATER": 3230599745
                }
            }, {
                "arcs": [
                    [-86, -126, 175, -162, 176]
                ],
                "type": "Polygon",
                "properties": {
                    "STATEFP": "55",
                    "COUNTYFP": "063",
                    "COUNTYNS": "01581091",
                    "AFFGEOID": "0500000US55063",
                    "GEOID": "55063",
                    "NAME": "La Crosse",
                    "LSAD": "06",
                    "ALAND": 1170030641,
                    "AWATER": 73154543
                }
            }, {
                "arcs": [
                    [-62, 177, 178, -65, 179, -81]
                ],
                "type": "Polygon",
                "properties": {
                    "STATEFP": "55",
                    "COUNTYFP": "117",
                    "COUNTYNS": "01581118",
                    "AFFGEOID": "0500000US55117",
                    "GEOID": "55117",
                    "NAME": "Sheboygan",
                    "LSAD": "06",
                    "ALAND": 1324200980,
                    "AWATER": 1968279272
                }
            }, {
                "arcs": [
                    [180, -11, 181, -139, 182, -129]
                ],
                "type": "Polygon",
                "properties": {
                    "STATEFP": "55",
                    "COUNTYFP": "137",
                    "COUNTYNS": "01581128",
                    "AFFGEOID": "0500000US55137",
                    "GEOID": "55137",
                    "NAME": "Waushara",
                    "LSAD": "06",
                    "ALAND": 1621822272,
                    "AWATER": 29076012
                }
            }, {
                "arcs": [
                    [-156, -30, -35, -145, -1, -172]
                ],
                "type": "Polygon",
                "properties": {
                    "STATEFP": "55",
                    "COUNTYFP": "017",
                    "COUNTYNS": "01581068",
                    "AFFGEOID": "0500000US55017",
                    "GEOID": "55017",
                    "NAME": "Chippewa",
                    "LSAD": "06",
                    "ALAND": 2611621270,
                    "AWATER": 85230105
                }
            }, {
                "arcs": [
                    [-82, -180, -68, -37, 183]
                ],
                "type": "Polygon",
                "properties": {
                    "STATEFP": "55",
                    "COUNTYFP": "131",
                    "COUNTYNS": "01581125",
                    "AFFGEOID": "0500000US55131",
                    "GEOID": "55131",
                    "NAME": "Washington",
                    "LSAD": "06",
                    "ALAND": 1115332519,
                    "AWATER": 13000033
                }
            }, {
                "arcs": [
                    [184, -141, -83, -184, -36, -160, -52]
                ],
                "type": "Polygon",
                "properties": {
                    "STATEFP": "55",
                    "COUNTYFP": "027",
                    "COUNTYNS": "01581073",
                    "AFFGEOID": "0500000US55027",
                    "GEOID": "55027",
                    "NAME": "Dodge",
                    "LSAD": "06",
                    "ALAND": 2267985235,
                    "AWATER": 81403926
                }
            }, {
                "arcs": [
                    [-47, -12, -181, -128, 185]
                ],
                "type": "Polygon",
                "properties": {
                    "STATEFP": "55",
                    "COUNTYFP": "097",
                    "COUNTYNS": "01581109",
                    "AFFGEOID": "0500000US55097",
                    "GEOID": "55097",
                    "NAME": "Portage",
                    "LSAD": "06",
                    "ALAND": 2074117686,
                    "AWATER": 56938029
                }
            }, {
                "arcs": [
                    [-114, 186, 187, -149, 188, -153, -146]
                ],
                "type": "Polygon",
                "properties": {
                    "STATEFP": "55",
                    "COUNTYFP": "083",
                    "COUNTYNS": "01581102",
                    "AFFGEOID": "0500000US55083",
                    "GEOID": "55083",
                    "NAME": "Oconto",
                    "LSAD": "06",
                    "ALAND": 2584775999,
                    "AWATER": 390589537
                }
            }, {
                "arcs": [
                    [189, 190, -112, 191]
                ],
                "type": "Polygon",
                "properties": {
                    "STATEFP": "55",
                    "COUNTYFP": "037",
                    "COUNTYNS": "01581078",
                    "AFFGEOID": "0500000US55037",
                    "GEOID": "55037",
                    "NAME": "Florence",
                    "LSAD": "06",
                    "ALAND": 1264230429,
                    "AWATER": 24111640
                }
            }, {
                "arcs": [
                    [-124, 192, -132, 193, -117, -164, 194]
                ],
                "type": "Polygon",
                "properties": {
                    "STATEFP": "55",
                    "COUNTYFP": "057",
                    "COUNTYNS": "01581088",
                    "AFFGEOID": "0500000US55057",
                    "GEOID": "55057",
                    "NAME": "Juneau",
                    "LSAD": "06",
                    "ALAND": 1986636007,
                    "AWATER": 98723935
                }
            }, {
                "arcs": [
                    [-144, -48, -186, -127, -193, -123]
                ],
                "type": "Polygon",
                "properties": {
                    "STATEFP": "55",
                    "COUNTYFP": "141",
                    "COUNTYNS": "01581130",
                    "AFFGEOID": "0500000US55141",
                    "GEOID": "55141",
                    "NAME": "Wood",
                    "LSAD": "06",
                    "ALAND": 2053722456,
                    "AWATER": 42296681
                }
            }, {
                "arcs": [
                    [195, -137, 196, 197]
                ],
                "type": "Polygon",
                "properties": {
                    "STATEFP": "55",
                    "COUNTYFP": "065",
                    "COUNTYNS": "01581092",
                    "AFFGEOID": "0500000US55065",
                    "GEOID": "55065",
                    "NAME": "Lafayette",
                    "LSAD": "06",
                    "ALAND": 1640985284,
                    "AWATER": 2539100
                }
            }, {
                "arcs": [
                    [-101, -158, -73, 198]
                ],
                "type": "Polygon",
                "properties": {
                    "STATEFP": "55",
                    "COUNTYFP": "095",
                    "COUNTYNS": "01581108",
                    "AFFGEOID": "0500000US55095",
                    "GEOID": "55095",
                    "NAME": "Polk",
                    "LSAD": "06",
                    "ALAND": 2367154216,
                    "AWATER": 109929781
                }
            }, {
                "arcs": [
                    [-109, 199, -116, -89, -107]
                ],
                "type": "Polygon",
                "properties": {
                    "STATEFP": "55",
                    "COUNTYFP": "125",
                    "COUNTYNS": "01581122",
                    "AFFGEOID": "0500000US55125",
                    "GEOID": "55125",
                    "NAME": "Vilas",
                    "LSAD": "06",
                    "ALAND": 2218383962,
                    "AWATER": 417645337
                }
            }, {
                "arcs": [
                    [-5, -88, 200, -71]
                ],
                "type": "Polygon",
                "properties": {
                    "STATEFP": "55",
                    "COUNTYFP": "011",
                    "COUNTYNS": "01581065",
                    "AFFGEOID": "0500000US55011",
                    "GEOID": "55011",
                    "NAME": "Buffalo",
                    "LSAD": "06",
                    "ALAND": 1739529647,
                    "AWATER": 98310701
                }
            }, {
                "arcs": [
                    [-148, -154, -189, -152, -18, -8, -46]
                ],
                "type": "Polygon",
                "properties": {
                    "STATEFP": "55",
                    "COUNTYFP": "115",
                    "COUNTYNS": "01581117",
                    "AFFGEOID": "0500000US55115",
                    "GEOID": "55115",
                    "NAME": "Shawano",
                    "LSAD": "06",
                    "ALAND": 2312909682,
                    "AWATER": 42507999
                }
            }, {
                "arcs": [
                    [-131, 201, -142, -185, -51, -118, -194]
                ],
                "type": "Polygon",
                "properties": {
                    "STATEFP": "55",
                    "COUNTYFP": "021",
                    "COUNTYNS": "01581070",
                    "AFFGEOID": "0500000US55021",
                    "GEOID": "55021",
                    "NAME": "Columbia",
                    "LSAD": "06",
                    "ALAND": 1982720552,
                    "AWATER": 78837129
                }
            }, {
                "arcs": [
                    [-195, -163, -176, -125]
                ],
                "type": "Polygon",
                "properties": {
                    "STATEFP": "55",
                    "COUNTYFP": "081",
                    "COUNTYNS": "01581101",
                    "AFFGEOID": "0500000US55081",
                    "GEOID": "55081",
                    "NAME": "Monroe",
                    "LSAD": "06",
                    "ALAND": 2333352184,
                    "AWATER": 18578102
                }
            }, {
                "arcs": [
                    [-191, 202, -187, -113]
                ],
                "type": "Polygon",
                "properties": {
                    "STATEFP": "55",
                    "COUNTYFP": "075",
                    "COUNTYNS": "01581097",
                    "AFFGEOID": "0500000US55075",
                    "GEOID": "55075",
                    "NAME": "Marinette",
                    "LSAD": "06",
                    "ALAND": 3624315200,
                    "AWATER": 390129874
                }
            }, {
                "arcs": [
                    [-169, 203, 204, -198, 205]
                ],
                "type": "Polygon",
                "properties": {
                    "STATEFP": "55",
                    "COUNTYFP": "043",
                    "COUNTYNS": "01581081",
                    "AFFGEOID": "0500000US55043",
                    "GEOID": "55043",
                    "NAME": "Grant",
                    "LSAD": "06",
                    "ALAND": 2970368436,
                    "AWATER": 94555361
                }
            }, {
                "arcs": [
                    [-120, 206, -204, -168, -165]
                ],
                "type": "Polygon",
                "properties": {
                    "STATEFP": "55",
                    "COUNTYFP": "103",
                    "COUNTYNS": "01581112",
                    "AFFGEOID": "0500000US55103",
                    "GEOID": "55103",
                    "NAME": "Richland",
                    "LSAD": "06",
                    "ALAND": 1518123765,
                    "AWATER": 8153427
                }
            }, {
                "arcs": [
                    [-10, -21, -64, -80, -140, -182]
                ],
                "type": "Polygon",
                "properties": {
                    "STATEFP": "55",
                    "COUNTYFP": "139",
                    "COUNTYNS": "01581129",
                    "AFFGEOID": "0500000US55139",
                    "GEOID": "55139",
                    "NAME": "Winnebago",
                    "LSAD": "06",
                    "ALAND": 1125314828,
                    "AWATER": 373176432
                }
            }, {
                "arcs": [
                    [-183, -143, -202, -130]
                ],
                "type": "Polygon",
                "properties": {
                    "STATEFP": "55",
                    "COUNTYFP": "077",
                    "COUNTYNS": "01581098",
                    "AFFGEOID": "0500000US55077",
                    "GEOID": "55077",
                    "NAME": "Marquette",
                    "LSAD": "06",
                    "ALAND": 1180277802,
                    "AWATER": 22682653
                }
            }, {
                "arcs": [
                    [-151, -95, 207, -178, -61]
                ],
                "type": "Polygon",
                "properties": {
                    "STATEFP": "55",
                    "COUNTYFP": "071",
                    "COUNTYNS": "01581095",
                    "AFFGEOID": "0500000US55071",
                    "GEOID": "55071",
                    "NAME": "Manitowoc",
                    "LSAD": "06",
                    "ALAND": 1526310981,
                    "AWATER": 2343326774
                }
            }, {
                "arcs": [
                    [-161, -40, -135, -44, 208, -24]
                ],
                "type": "Polygon",
                "properties": {
                    "STATEFP": "55",
                    "COUNTYFP": "127",
                    "COUNTYNS": "01581123",
                    "AFFGEOID": "0500000US55127",
                    "GEOID": "55127",
                    "NAME": "Walworth",
                    "LSAD": "06",
                    "ALAND": 1438080813,
                    "AWATER": 55247228
                }
            }, {
                "arcs": [
                    [-207, -119, -55, -138, -196, -205]
                ],
                "type": "Polygon",
                "properties": {
                    "STATEFP": "55",
                    "COUNTYFP": "049",
                    "COUNTYNS": "01581084",
                    "AFFGEOID": "0500000US55049",
                    "GEOID": "55049",
                    "NAME": "Iowa",
                    "LSAD": "06",
                    "ALAND": 1975380661,
                    "AWATER": 13869508
                }
            }, {
                "arcs": [
                    [209, -175, -56, 210]
                ],
                "type": "Polygon",
                "properties": {
                    "STATEFP": "55",
                    "COUNTYFP": "007",
                    "COUNTYNS": "01581063",
                    "AFFGEOID": "0500000US55007",
                    "GEOID": "55007",
                    "NAME": "Bayfield",
                    "LSAD": "06",
                    "ALAND": 3827658037,
                    "AWATER": 1460277087
                }
            }, {
                "arcs": [
                    [211, -211, -171, -98, 212]
                ],
                "type": "Polygon",
                "properties": {
                    "STATEFP": "55",
                    "COUNTYFP": "031",
                    "COUNTYNS": "01581075",
                    "AFFGEOID": "0500000US55031",
                    "GEOID": "55031",
                    "NAME": "Douglas",
                    "LSAD": "06",
                    "ALAND": 3377703789,
                    "AWATER": 454647734
                }
            }]
        }
    }
}